study;log [HR];SE
Brahmer et al. (2015);-0.4780358;0.13885244
Borghaei et al. (2015);-0.09431068;0.09329714
Fehrenbacher et al. (2016);-0.0618754;0.1366118
Herbst et al. (2016) (2mg);-0.12783337;0.08925899
Herbst et al. (2016) (10mg);-0.23572233;0.0902143
Reck et al. (2016) ;-0.69314718;0.1552525
Rittmeyer et al. (2017);-0.05129329;0.07493906
Carbone et al. (2017);0.15700375;0.1043285
